,cluster_name,annual_spending,annual_spending,annual_spending,annual_spending,purchase_frequency,purchase_frequency,purchase_frequency,purchase_frequency,age,age,age,age,count
,first,mean,std,min,max,mean,std,min,max,mean,std,min,max,
cluster,,,,,,,,,,,,,,
0,Regular Shoppers,4986.64,1232.17,3061.83,8111.76,23.7,4.99,16,31,50.7,7.5,36,65,44
1,Occasional Buyers,2400.26,1014.88,595.27,4988.99,8.33,3.61,1,15,57.02,8.56,43,74,52
2,Occasional Buyers,3294.52,1710.58,520.51,6933.69,12.18,7.68,1,28,30.35,5.98,18,42,49
3,High-Value VIPs,12102.59,2131.89,8048.66,14945.48,38.8,6.17,30,50,44.06,5.32,35,55,35
