annual_spending,purchase_frequency,age,region,cluster,cluster_name
10028.26,31,44,Suburban,3,High-Value VIPs
2016.71,6,70,Suburban,1,Occasional Buyers
2671.65,14,39,Urban,2,Occasional Buyers
6368.09,30,54,Suburban,0,Regular Shoppers
1066.78,5,31,Suburban,2,Occasional Buyers
4086.17,26,29,Suburban,2,Occasional Buyers
1924.2,8,45,Suburban,1,Occasional Buyers
6237.44,17,49,Suburban,0,Regular Shoppers
14270.35,46,54,Urban,3,High-Value VIPs
14263.79,43,50,Urban,3,High-Value VIPs
3453.24,11,64,Rural,1,Occasional Buyers
9904.93,49,47,Suburban,3,High-Value VIPs
3835.67,29,46,Urban,0,Regular Shoppers
3108.22,5,70,Rural,1,Occasional Buyers
1210.94,5,49,Urban,1,Occasional Buyers
12868.61,34,41,Urban,3,High-Value VIPs
3697.47,15,64,Urban,1,Occasional Buyers
9651.89,43,41,Urban,3,High-Value VIPs
3693.68,8,44,Rural,1,Occasional Buyers
6376.85,17,64,Urban,0,Regular Shoppers
3534.49,7,25,Rural,2,Occasional Buyers
3982.41,9,55,Suburban,1,Occasional Buyers
3958.25,16,50,Rural,0,Regular Shoppers
1301.52,5,55,Rural,1,Occasional Buyers
2430.05,11,51,Suburban,1,Occasional Buyers
6394.68,23,63,Urban,0,Regular Shoppers
2864.79,15,37,Rural,2,Occasional Buyers
520.51,7,23,Rural,2,Occasional Buyers
4423.89,19,46,Urban,0,Regular Shoppers
2884.26,9,55,Rural,1,Occasional Buyers
4232.24,30,36,Suburban,0,Regular Shoppers
3383.45,10,50,Suburban,1,Occasional Buyers
12177.95,48,45,Urban,3,High-Value VIPs
595.27,1,52,Urban,1,Occasional Buyers
11146.15,30,50,Urban,3,High-Value VIPs
4489.13,23,59,Rural,0,Regular Shoppers
3204.03,6,70,Urban,1,Occasional Buyers
6850.59,21,33,Suburban,2,Occasional Buyers
3756.38,8,67,Suburban,1,Occasional Buyers
3923.26,6,66,Suburban,1,Occasional Buyers
3517.09,5,54,Suburban,1,Occasional Buyers
3729.74,6,24,Suburban,2,Occasional Buyers
8111.76,31,54,Urban,0,Regular Shoppers
5769.74,24,48,Rural,0,Regular Shoppers
2083.07,12,67,Rural,1,Occasional Buyers
2820.93,9,25,Rural,2,Occasional Buyers
6551.08,18,35,Rural,2,Occasional Buyers
3691.65,15,64,Urban,1,Occasional Buyers
2073.49,9,60,Urban,1,Occasional Buyers
1793.55,5,46,Urban,1,Occasional Buyers
5048.37,17,44,Suburban,0,Regular Shoppers
2444.97,11,46,Urban,1,Occasional Buyers
5065.2,28,43,Suburban,0,Regular Shoppers
10764.17,37,45,Urban,3,High-Value VIPs
13615.38,30,41,Urban,3,High-Value VIPs
4879.78,28,30,Urban,2,Occasional Buyers
5220.8,26,26,Rural,2,Occasional Buyers
4119.74,30,63,Suburban,0,Regular Shoppers
3106.05,5,47,Suburban,1,Occasional Buyers
14945.48,30,46,Suburban,3,High-Value VIPs
3220.08,14,63,Rural,1,Occasional Buyers
1677.0,6,19,Rural,2,Occasional Buyers
4970.07,19,43,Suburban,0,Regular Shoppers
4742.69,27,27,Urban,2,Occasional Buyers
1538.26,7,51,Rural,1,Occasional Buyers
3061.83,22,53,Suburban,0,Regular Shoppers
1708.21,9,54,Suburban,1,Occasional Buyers
5599.86,30,40,Urban,0,Regular Shoppers
6746.92,15,35,Urban,2,Occasional Buyers
1327.86,5,47,Rural,1,Occasional Buyers
3620.17,28,46,Suburban,0,Regular Shoppers
5545.33,20,54,Rural,0,Regular Shoppers
613.79,1,40,Urban,2,Occasional Buyers
1105.22,8,64,Suburban,1,Occasional Buyers
1116.88,6,18,Suburban,2,Occasional Buyers
3896.35,7,31,Suburban,2,Occasional Buyers
13288.86,33,47,Urban,3,High-Value VIPs
2325.63,7,64,Urban,1,Occasional Buyers
12762.15,38,41,Urban,3,High-Value VIPs
6861.68,19,61,Suburban,0,Regular Shoppers
12681.89,34,37,Urban,3,High-Value VIPs
2661.68,9,42,Urban,2,Occasional Buyers
4793.7,27,65,Urban,0,Regular Shoppers
4941.12,16,49,Urban,0,Regular Shoppers
14789.37,41,40,Urban,3,High-Value VIPs
5148.33,19,57,Suburban,0,Regular Shoppers
788.43,3,38,Urban,2,Occasional Buyers
12979.39,32,35,Suburban,3,High-Value VIPs
727.85,6,33,Rural,2,Occasional Buyers
4031.77,26,40,Suburban,0,Regular Shoppers
12433.83,35,46,Urban,3,High-Value VIPs
993.13,3,60,Suburban,1,Occasional Buyers
3959.15,20,49,Suburban,0,Regular Shoppers
2958.42,13,68,Urban,1,Occasional Buyers
6141.36,22,44,Suburban,0,Regular Shoppers
4465.88,22,31,Suburban,2,Occasional Buyers
1977.93,3,38,Rural,2,Occasional Buyers
3453.89,21,55,Suburban,0,Regular Shoppers
8049.46,46,44,Urban,3,High-Value VIPs
3147.55,15,26,Suburban,2,Occasional Buyers
3205.92,19,56,Rural,0,Regular Shoppers
6546.47,29,52,Suburban,0,Regular Shoppers
4988.99,15,61,Urban,1,Occasional Buyers
3314.3,13,21,Urban,2,Occasional Buyers
1384.88,6,32,Suburban,2,Occasional Buyers
1817.33,8,49,Urban,1,Occasional Buyers
3638.65,8,24,Suburban,2,Occasional Buyers
1889.88,2,34,Suburban,2,Occasional Buyers
3944.75,9,35,Suburban,2,Occasional Buyers
3146.73,8,35,Urban,2,Occasional Buyers
4572.39,20,32,Suburban,2,Occasional Buyers
14595.41,43,52,Urban,3,High-Value VIPs
6179.25,28,57,Suburban,0,Regular Shoppers
3826.89,9,31,Suburban,2,Occasional Buyers
4753.9,29,46,Urban,0,Regular Shoppers
14365.24,33,52,Suburban,3,High-Value VIPs
3892.0,8,38,Suburban,2,Occasional Buyers
9923.05,32,35,Urban,3,High-Value VIPs
3968.22,18,35,Urban,2,Occasional Buyers
1675.48,4,47,Rural,1,Occasional Buyers
3122.0,18,30,Urban,2,Occasional Buyers
3872.86,8,53,Urban,1,Occasional Buyers
11993.11,37,55,Urban,3,High-Value VIPs
6386.64,18,48,Suburban,0,Regular Shoppers
4454.52,15,36,Urban,2,Occasional Buyers
4222.79,30,47,Urban,0,Regular Shoppers
3239.37,5,22,Rural,2,Occasional Buyers
1744.59,9,58,Suburban,1,Occasional Buyers
3377.18,13,54,Urban,1,Occasional Buyers
8219.19,47,46,Rural,3,High-Value VIPs
1793.82,13,58,Rural,1,Occasional Buyers
4292.81,30,48,Suburban,0,Regular Shoppers
9899.44,50,47,Urban,3,High-Value VIPs
1377.72,5,54,Rural,1,Occasional Buyers
2341.39,14,27,Suburban,2,Occasional Buyers
10335.96,37,37,Urban,3,High-Value VIPs
14816.29,44,49,Suburban,3,High-Value VIPs
2205.09,14,56,Rural,1,Occasional Buyers
2486.3,12,47,Suburban,1,Occasional Buyers
1613.62,14,51,Urban,1,Occasional Buyers
3064.85,5,52,Suburban,1,Occasional Buyers
3596.2,12,61,Suburban,1,Occasional Buyers
1854.73,8,51,Suburban,1,Occasional Buyers
12974.64,39,47,Urban,3,High-Value VIPs
10181.98,35,44,Urban,3,High-Value VIPs
877.16,5,30,Suburban,2,Occasional Buyers
3935.62,14,24,Rural,2,Occasional Buyers
903.01,7,43,Suburban,1,Occasional Buyers
1790.18,9,66,Urban,1,Occasional Buyers
1795.41,9,69,Suburban,1,Occasional Buyers
10677.23,49,37,Suburban,3,High-Value VIPs
1188.7,2,23,Suburban,2,Occasional Buyers
8048.66,37,43,Urban,3,High-Value VIPs
1214.32,3,67,Rural,1,Occasional Buyers
3326.38,21,60,Suburban,0,Regular Shoppers
772.82,8,42,Rural,2,Occasional Buyers
6433.44,26,60,Urban,0,Regular Shoppers
3072.3,28,45,Urban,0,Regular Shoppers
3850.58,12,31,Suburban,2,Occasional Buyers
3232.77,24,25,Suburban,2,Occasional Buyers
3754.83,23,59,Suburban,0,Regular Shoppers
2244.09,7,68,Urban,1,Occasional Buyers
6193.38,23,30,Suburban,2,Occasional Buyers
14801.98,32,35,Suburban,3,High-Value VIPs
6866.62,17,57,Urban,0,Regular Shoppers
1089.48,3,44,Rural,1,Occasional Buyers
3968.64,20,48,Suburban,0,Regular Shoppers
4016.65,24,26,Urban,2,Occasional Buyers
14247.91,40,41,Rural,3,High-Value VIPs
6933.69,20,35,Suburban,2,Occasional Buyers
5549.72,18,40,Rural,0,Regular Shoppers
12782.84,41,42,Urban,3,High-Value VIPs
3700.9,5,26,Rural,2,Occasional Buyers
10621.78,44,45,Suburban,3,High-Value VIPs
6074.22,30,41,Rural,0,Regular Shoppers
2633.1,5,28,Suburban,2,Occasional Buyers
14484.11,38,41,Suburban,3,High-Value VIPs
4135.68,28,42,Suburban,0,Regular Shoppers
1856.24,4,74,Rural,1,Occasional Buyers
4083.33,26,50,Urban,0,Regular Shoppers
